{
	"$schema": "https://schemas.wp.org/wp/6.9/theme.json",
	"version": 3,
	"settings": {
		"appearanceTools": true,
		"layout": {
			"contentSize": "620px",
			"wideSize": "1000px"
		},
		"spacing": {
			"units": [
				"%",
				"px",
				"em",
				"rem",
				"vh",
				"vw"
			]
		},
		"typography": {
			"fontFamilies": [
				{
					"fontFamily": "-apple-system, BlinkMacSystemFont, 'Segoe UI', Roboto, Oxygen-Sans, Ubuntu, Cantarell, 'Helvetica Neue', sans-serif",
					"name": "System Font",
					"slug": "system-font"
				}
			]
		},
		"useRootPaddingAwareAlignments": true
	},
	"styles": {
		"spacing": {
			"padding": {
				"bottom": "0",
				"left": "var(--wp--preset--spacing--20)",
				"right": "var(--wp--preset--spacing--20)",
				"top": "0"
			}
		}
	},
	"templateParts": [
		{
			"area": "header",
			"name": "header"
		},
		{
			"area": "footer",
			"name": "footer"
		}
	]
}